{
  "project_info": {
    "project_number": "126965145503",
    "project_id": "yogastudiodb",
    "storage_bucket": "yogastudiodb.firebasestorage.app"
  },
  "client": [
    {
      "client_info": {
        "mobilesdk_app_id": "1:126965145503:android:58fe0539ba5c8006e427aa",
        "android_client_info": {
          "package_name": "com.example.yogaadmin"
        }
      },
      "oauth_client": [],
      "api_key": [
        {
          "current_key": "AIzaSyAd1HsdZHqyKJXSJbrm_2zX5H2MS73qwu4"
        }
      ],
      "services": {
        "appinvite_service": {
          "other_platform_oauth_client": []
        }
      }
    }
  ],
  "configuration_version": "1"
}